Type,Name,Request Count,Failure Count,Median Response Time,Average Response Time,Min Response Time,Max Response Time,Average Content Size,Requests/s,Failures/s,50%,66%,75%,80%,90%,95%,98%,99%,99.9%,99.99%,100%
POST,/collect,2339,1,720,2110.026529931307,224.08145712688565,70367.33153113164,105.24412141941,4.8792688755713876,0.002086049113113034,720,1100,1600,2200,7500,9000,11000,17000,36000,70000,70000
,Aggregated,2339,1,720,2110.026529931307,224.08145712688565,70367.33153113164,105.24412141941,4.8792688755713876,0.002086049113113034,720,1100,1600,2200,7500,9000,11000,17000,36000,70000,70000
