Type,Name,Request Count,Failure Count,Median Response Time,Average Response Time,Min Response Time,Max Response Time,Average Content Size,Requests/s,Failures/s,50%,66%,75%,80%,90%,95%,98%,99%,99.9%,99.99%,100%
POST,/collect,771,0,390,539.4990581616846,230.61516718007624,1767.406792845577,105.00389105058366,2.5716935363145255,0.0,390,570,710,830,1000,1300,1500,1500,1800,1800,1800
,Aggregated,771,0,390,539.4990581616846,230.61516718007624,1767.406792845577,105.00389105058366,2.5716935363145255,0.0,390,570,710,830,1000,1300,1500,1500,1800,1800,1800
