epoch_s,name,response_time_ms,success
1776386266.910197,/collect,538.61,1
1776386266.919950,/collect,534.89,1
1776386268.575207,/collect,209.75,1
1776386268.902653,/collect,258.96,1
