Type,Name,Request Count,Failure Count,Median Response Time,Average Response Time,Min Response Time,Max Response Time,Average Content Size,Requests/s,Failures/s,50%,66%,75%,80%,90%,95%,98%,99%,99.9%,99.99%,100%
GET,/collect,782,1,18000,18387.143614557546,557.3299019997648,58744.54641800003,31.95907928388747,2.6079199858589877,0.0033349360432979383,18000,24000,28000,30000,35000,39000,44000,49000,59000,59000,59000
,Aggregated,782,1,18000,18387.143614557546,557.3299019997648,58744.54641800003,31.95907928388747,2.6079199858589877,0.0033349360432979383,18000,24000,28000,30000,35000,39000,44000,49000,59000,59000,59000
