Type,Name,Request Count,Failure Count,Median Response Time,Average Response Time,Min Response Time,Max Response Time,Average Content Size,Requests/s,Failures/s,50%,66%,75%,80%,90%,95%,98%,99%,99.9%,99.99%,100%
POST,/collect,961,0,200.0,243.77954377419314,175.4603589999988,699.1299459998572,104.90218522372528,3.2061137538405893,0.0,200,220,250,300,370,440,530,560,700,700,700
,Aggregated,961,0,200.0,243.77954377419314,175.4603589999988,699.1299459998572,104.90218522372528,3.2061137538405893,0.0,200,220,250,300,370,440,530,560,700,700,700
