Type,Name,Request Count,Failure Count,Median Response Time,Average Response Time,Min Response Time,Max Response Time,Average Content Size,Requests/s,Failures/s,50%,66%,75%,80%,90%,95%,98%,99%,99.9%,99.99%,100%
POST,/collect,962,0,200.0,242.74469655093165,176.955012000235,1178.9701159996184,104.92723492723492,3.2155745732927707,0.0,200,220,250,280,370,410,520,690,1200,1200,1200
,Aggregated,962,0,200.0,242.74469655093165,176.955012000235,1178.9701159996184,104.92723492723492,3.2155745732927707,0.0,200,220,250,280,370,410,520,690,1200,1200,1200
