Type,Name,Request Count,Failure Count,Median Response Time,Average Response Time,Min Response Time,Max Response Time,Average Content Size,Requests/s,Failures/s,50%,66%,75%,80%,90%,95%,98%,99%,99.9%,99.99%,100%
GET,/collect,803,0,18000,18152.32880916687,856.2969820000035,59679.22906600052,32.0,2.6752022792292536,0.0,18000,25000,28000,30000,33000,37000,40000,43000,60000,60000,60000
,Aggregated,803,0,18000,18152.32880916687,856.2969820000035,59679.22906600052,32.0,2.6752022792292536,0.0,18000,25000,28000,30000,33000,37000,40000,43000,60000,60000,60000
