Type,Name,Request Count,Failure Count,Median Response Time,Average Response Time,Min Response Time,Max Response Time,Average Content Size,Requests/s,Failures/s,50%,66%,75%,80%,90%,95%,98%,99%,99.9%,99.99%,100%
POST,/collect,46,0,190.0,201.86183458693685,178.67878300012308,254.02167699985512,104.95652173913044,0.7672794701069822,0.0,190,210,210,220,240,250,250,250,250,250,250
,Aggregated,46,0,190.0,201.86183458693685,178.67878300012308,254.02167699985512,104.95652173913044,0.7672794701069822,0.0,190,210,210,220,240,250,250,250,250,250,250
