Type,Name,Request Count,Failure Count,Median Response Time,Average Response Time,Min Response Time,Max Response Time,Average Content Size,Requests/s,Failures/s,50%,66%,75%,80%,90%,95%,98%,99%,99.9%,99.99%,100%
POST,/collect,3225,0,4000,4126.184831641561,213.99833699979354,16006.690476999893,106.50046511627907,10.74179677143034,0.0,4000,5500,6400,7000,8600,9700,11000,12000,14000,16000,16000
,Aggregated,3225,0,4000,4126.184831641561,213.99833699979354,16006.690476999893,106.50046511627907,10.74179677143034,0.0,4000,5500,6400,7000,8600,9700,11000,12000,14000,16000,16000
